[{"name":"sql.active_record","payload":{"sql":"SHOW search_path","name":"SCHEMA","connection_id":70150864701860,"binds":[]},"time":"2013-10-30T06:36:36+00:00","transaction_id":"1d4729406d63dd056027","end":"2013-10-30T06:36:36+00:00","duration":0.261},{"name":"sql.active_record","payload":{"sql":"SELECT  \"recipes\".* FROM \"recipes\"  WHERE \"recipes\".\"id\" = $1 LIMIT 1","name":"Recipe Load","connection_id":70150864701860,"binds":[[{"name":"id","sql_type":"integer","null":false,"limit":null,"precision":null,"scale":null,"type":"integer","default":null,"primary":true,"coder":null},"1"]]},"time":"2013-10-30T06:36:36+00:00","transaction_id":"1d4729406d63dd056027","end":"2013-10-30T06:36:36+00:00","duration":1.018},{"name":"sql.active_record","payload":{"sql":"SELECT  \"users\".* FROM \"users\"  WHERE \"users\".\"id\" = 2 LIMIT 1","name":"User Load","connection_id":70150864701860,"binds":[]},"time":"2013-10-30T06:36:36+00:00","transaction_id":"1d4729406d63dd056027","end":"2013-10-30T06:36:36+00:00","duration":0.41300000000000003},{"name":"sql.active_record","payload":{"sql":"            SELECT a.attname, format_type(a.atttypid, a.atttypmod),\n                     pg_get_expr(d.adbin, d.adrelid), a.attnotnull, a.atttypid, a.atttypmod\n              FROM pg_attribute a LEFT JOIN pg_attrdef d\n                ON a.attrelid = d.adrelid AND a.attnum = d.adnum\n             WHERE a.attrelid = '\"quantities\"'::regclass\n               AND a.attnum > 0 AND NOT a.attisdropped\n             ORDER BY a.attnum\n","name":"SCHEMA","connection_id":70150864701860,"binds":[]},"time":"2013-10-30T06:36:36+00:00","transaction_id":"1d4729406d63dd056027","end":"2013-10-30T06:36:36+00:00","duration":0.764},{"name":"sql.active_record","payload":{"sql":"            SELECT COUNT(*)\n            FROM pg_class c\n            LEFT JOIN pg_namespace n ON n.oid = c.relnamespace\n            WHERE c.relkind in ('v','r')\n            AND c.relname = 'quantities'\n            AND n.nspname = ANY (current_schemas(false))\n","name":"SCHEMA","connection_id":70150864701860,"binds":[]},"time":"2013-10-30T06:36:36+00:00","transaction_id":"1d4729406d63dd056027","end":"2013-10-30T06:36:36+00:00","duration":0.294},{"name":"sql.active_record","payload":{"sql":"          SELECT attr.attname\n          FROM pg_attribute attr\n          INNER JOIN pg_constraint cons ON attr.attrelid = cons.conrelid AND attr.attnum = cons.conkey[1]\n          WHERE cons.contype = 'p'\n            AND cons.conrelid = '\"quantities\"'::regclass\n","name":"SCHEMA","connection_id":70150864701860,"binds":[]},"time":"2013-10-30T06:36:36+00:00","transaction_id":"1d4729406d63dd056027","end":"2013-10-30T06:36:36+00:00","duration":0.367},{"name":"sql.active_record","payload":{"sql":"SELECT \"quantities\".* FROM \"quantities\"  WHERE \"quantities\".\"recipe_id\" = 1","name":"Quantity Load","connection_id":70150864701860,"binds":[]},"time":"2013-10-30T06:36:36+00:00","transaction_id":"1d4729406d63dd056027","end":"2013-10-30T06:36:36+00:00","duration":0.458},{"name":"sql.active_record","payload":{"sql":"            SELECT COUNT(*)\n            FROM pg_class c\n            LEFT JOIN pg_namespace n ON n.oid = c.relnamespace\n            WHERE c.relkind in ('v','r')\n            AND c.relname = 'ingredients'\n            AND n.nspname = ANY (current_schemas(false))\n","name":"SCHEMA","connection_id":70150864701860,"binds":[]},"time":"2013-10-30T06:36:36+00:00","transaction_id":"1d4729406d63dd056027","end":"2013-10-30T06:36:36+00:00","duration":0.505},{"name":"sql.active_record","payload":{"sql":"          SELECT attr.attname\n          FROM pg_attribute attr\n          INNER JOIN pg_constraint cons ON attr.attrelid = cons.conrelid AND attr.attnum = cons.conkey[1]\n          WHERE cons.contype = 'p'\n            AND cons.conrelid = '\"ingredients\"'::regclass\n","name":"SCHEMA","connection_id":70150864701860,"binds":[]},"time":"2013-10-30T06:36:36+00:00","transaction_id":"1d4729406d63dd056027","end":"2013-10-30T06:36:36+00:00","duration":0.368},{"name":"sql.active_record","payload":{"sql":"            SELECT a.attname, format_type(a.atttypid, a.atttypmod),\n                     pg_get_expr(d.adbin, d.adrelid), a.attnotnull, a.atttypid, a.atttypmod\n              FROM pg_attribute a LEFT JOIN pg_attrdef d\n                ON a.attrelid = d.adrelid AND a.attnum = d.adnum\n             WHERE a.attrelid = '\"ingredients\"'::regclass\n               AND a.attnum > 0 AND NOT a.attisdropped\n             ORDER BY a.attnum\n","name":"SCHEMA","connection_id":70150864701860,"binds":[]},"time":"2013-10-30T06:36:36+00:00","transaction_id":"1d4729406d63dd056027","end":"2013-10-30T06:36:36+00:00","duration":0.444},{"name":"sql.active_record","payload":{"sql":"SELECT  \"ingredients\".* FROM \"ingredients\"  WHERE \"ingredients\".\"id\" = 1 LIMIT 1","name":"Ingredient Load","connection_id":70150864701860,"binds":[]},"time":"2013-10-30T06:36:36+00:00","transaction_id":"1d4729406d63dd056027","end":"2013-10-30T06:36:36+00:00","duration":0.432},{"name":"sql.active_record","payload":{"sql":"SELECT  \"ingredients\".* FROM \"ingredients\"  WHERE \"ingredients\".\"id\" = 2 LIMIT 1","name":"Ingredient Load","connection_id":70150864701860,"binds":[]},"time":"2013-10-30T06:36:36+00:00","transaction_id":"1d4729406d63dd056027","end":"2013-10-30T06:36:36+00:00","duration":0.313},{"name":"sql.active_record","payload":{"sql":"SELECT  \"ingredients\".* FROM \"ingredients\"  WHERE \"ingredients\".\"id\" = 5 LIMIT 1","name":"Ingredient Load","connection_id":70150864701860,"binds":[]},"time":"2013-10-30T06:36:36+00:00","transaction_id":"1d4729406d63dd056027","end":"2013-10-30T06:36:36+00:00","duration":0.179},{"name":"render_template.action_view","payload":{"identifier":"/Users/jon/pagination/cookbook_pagination_end/app/views/recipes/show.html.haml","layout":"layouts/application"},"time":"2013-10-30T06:36:36+00:00","transaction_id":"6015be1e7cb1ba6f296f","end":"2013-10-30T06:36:36+00:00","duration":66.11699999999999},{"name":"process_action.action_controller","payload":{"controller":"RecipesController","action":"show","params":{"action":"show","controller":"recipes","id":"1"},"format":"html","method":"GET","path":"/recipes/1","status":200,"view_runtime":65.49,"db_runtime":5.816},"time":"2013-10-30T06:36:36+00:00","transaction_id":"6015be1e7cb1ba6f296f","end":"2013-10-30T06:36:36+00:00","duration":78.0}]