[{"name":"sql.active_record","payload":{"sql":"            SELECT a.attname, format_type(a.atttypid, a.atttypmod),\n                     pg_get_expr(d.adbin, d.adrelid), a.attnotnull, a.atttypid, a.atttypmod\n              FROM pg_attribute a LEFT JOIN pg_attrdef d\n                ON a.attrelid = d.adrelid AND a.attnum = d.adnum\n             WHERE a.attrelid = '\"ingredients\"'::regclass\n               AND a.attnum > 0 AND NOT a.attisdropped\n             ORDER BY a.attnum\n","name":"SCHEMA","connection_id":70243609200980,"binds":[]},"time":"2013-11-12T17:06:05+00:00","transaction_id":"d609f0321470e7b5cb1f","end":"2013-11-12T17:06:05+00:00","duration":1.3159999999999998},{"name":"sql.active_record","payload":{"sql":"            SELECT COUNT(*)\n            FROM pg_class c\n            LEFT JOIN pg_namespace n ON n.oid = c.relnamespace\n            WHERE c.relkind in ('v','r')\n            AND c.relname = 'ingredients'\n            AND n.nspname = ANY (current_schemas(false))\n","name":"SCHEMA","connection_id":70243609200980,"binds":[]},"time":"2013-11-12T17:06:05+00:00","transaction_id":"d609f0321470e7b5cb1f","end":"2013-11-12T17:06:05+00:00","duration":0.726},{"name":"sql.active_record","payload":{"sql":"          SELECT attr.attname\n          FROM pg_attribute attr\n          INNER JOIN pg_constraint cons ON attr.attrelid = cons.conrelid AND attr.attnum = cons.conkey[1]\n          WHERE cons.contype = 'p'\n            AND cons.conrelid = '\"ingredients\"'::regclass\n","name":"SCHEMA","connection_id":70243609200980,"binds":[]},"time":"2013-11-12T17:06:05+00:00","transaction_id":"d609f0321470e7b5cb1f","end":"2013-11-12T17:06:05+00:00","duration":0.428},{"name":"sql.active_record","payload":{"sql":"SELECT \"ingredients\".* FROM \"ingredients\" ","name":"Ingredient Load","connection_id":70243609200980,"binds":[]},"time":"2013-11-12T17:06:05+00:00","transaction_id":"d609f0321470e7b5cb1f","end":"2013-11-12T17:06:05+00:00","duration":0.786},{"name":"render_template.action_view","payload":{"identifier":"/Users/gmathe08/developpement/GA/wdi-september/w7d3/cookbook_specs_solution/app/views/ingredients/index.html.haml","layout":"layouts/application"},"time":"2013-11-12T17:06:05+00:00","transaction_id":"dae85fbb74bc38997a38","end":"2013-11-12T17:06:05+00:00","duration":17.04},{"name":"process_action.action_controller","payload":{"controller":"IngredientsController","action":"index","params":{"action":"index","controller":"ingredients"},"format":"html","method":"GET","path":"/ingredients","status":200,"view_runtime":60.74600000000001,"db_runtime":3.256},"time":"2013-11-12T17:06:05+00:00","transaction_id":"dae85fbb74bc38997a38","end":"2013-11-12T17:06:05+00:00","duration":70.42}]