[{"name":"sql.active_record","payload":{"sql":"SHOW search_path","name":"SCHEMA","connection_id":70243609200980,"binds":[]},"time":"2013-11-12T17:08:11+00:00","transaction_id":"d609f0321470e7b5cb1f","end":"2013-11-12T17:08:11+00:00","duration":0.235},{"name":"sql.active_record","payload":{"sql":"SELECT  \"ingredients\".* FROM \"ingredients\"  WHERE \"ingredients\".\"id\" = $1 LIMIT 1","name":"Ingredient Load","connection_id":70243609200980,"binds":[[{"name":"id","sql_type":"integer","null":false,"limit":null,"precision":null,"scale":null,"type":"integer","default":null,"primary":true,"coder":null},"1"]]},"time":"2013-11-12T17:08:11+00:00","transaction_id":"d609f0321470e7b5cb1f","end":"2013-11-12T17:08:11+00:00","duration":2.456},{"name":"render_template.action_view","payload":{"identifier":"/Users/gmathe08/developpement/GA/wdi-september/w7d3/cookbook_specs_solution/app/views/ingredients/show.html.haml","layout":"layouts/application"},"time":"2013-11-12T17:08:11+00:00","transaction_id":"09a365cd7d101743b717","end":"2013-11-12T17:08:11+00:00","duration":2.4250000000000003},{"name":"process_action.action_controller","payload":{"controller":"IngredientsController","action":"show","params":{"action":"show","controller":"ingredients","id":"1"},"format":"html","method":"GET","path":"/ingredients/1","status":200,"view_runtime":10.095,"db_runtime":2.691},"time":"2013-11-12T17:08:11+00:00","transaction_id":"09a365cd7d101743b717","end":"2013-11-12T17:08:11+00:00","duration":21.796}]