[{"name":"sql.active_record","payload":{"sql":"            SELECT a.attname, format_type(a.atttypid, a.atttypmod),\n                     pg_get_expr(d.adbin, d.adrelid), a.attnotnull, a.atttypid, a.atttypmod\n              FROM pg_attribute a LEFT JOIN pg_attrdef d\n                ON a.attrelid = d.adrelid AND a.attnum = d.adnum\n             WHERE a.attrelid = '\"users\"'::regclass\n               AND a.attnum > 0 AND NOT a.attisdropped\n             ORDER BY a.attnum\n","name":"SCHEMA","connection_id":70243609200980,"binds":[]},"time":"2013-11-12T17:06:02+00:00","transaction_id":"d609f0321470e7b5cb1f","end":"2013-11-12T17:06:02+00:00","duration":36.985},{"name":"sql.active_record","payload":{"sql":"            SELECT COUNT(*)\n            FROM pg_class c\n            LEFT JOIN pg_namespace n ON n.oid = c.relnamespace\n            WHERE c.relkind in ('v','r')\n            AND c.relname = 'users'\n            AND n.nspname = ANY (current_schemas(false))\n","name":"SCHEMA","connection_id":70243609200980,"binds":[]},"time":"2013-11-12T17:06:02+00:00","transaction_id":"d609f0321470e7b5cb1f","end":"2013-11-12T17:06:02+00:00","duration":7.673},{"name":"sql.active_record","payload":{"sql":"          SELECT attr.attname\n          FROM pg_attribute attr\n          INNER JOIN pg_constraint cons ON attr.attrelid = cons.conrelid AND attr.attnum = cons.conkey[1]\n          WHERE cons.contype = 'p'\n            AND cons.conrelid = '\"users\"'::regclass\n","name":"SCHEMA","connection_id":70243609200980,"binds":[]},"time":"2013-11-12T17:06:02+00:00","transaction_id":"d609f0321470e7b5cb1f","end":"2013-11-12T17:06:02+00:00","duration":1.48},{"name":"sql.active_record","payload":{"sql":"            SELECT a.attname, format_type(a.atttypid, a.atttypmod),\n                     pg_get_expr(d.adbin, d.adrelid), a.attnotnull, a.atttypid, a.atttypmod\n              FROM pg_attribute a LEFT JOIN pg_attrdef d\n                ON a.attrelid = d.adrelid AND a.attnum = d.adnum\n             WHERE a.attrelid = '\"recipes\"'::regclass\n               AND a.attnum > 0 AND NOT a.attisdropped\n             ORDER BY a.attnum\n","name":"SCHEMA","connection_id":70243609200980,"binds":[]},"time":"2013-11-12T17:06:02+00:00","transaction_id":"d609f0321470e7b5cb1f","end":"2013-11-12T17:06:02+00:00","duration":1.581},{"name":"sql.active_record","payload":{"sql":"            SELECT COUNT(*)\n            FROM pg_class c\n            LEFT JOIN pg_namespace n ON n.oid = c.relnamespace\n            WHERE c.relkind in ('v','r')\n            AND c.relname = 'recipes'\n            AND n.nspname = ANY (current_schemas(false))\n","name":"SCHEMA","connection_id":70243609200980,"binds":[]},"time":"2013-11-12T17:06:02+00:00","transaction_id":"d609f0321470e7b5cb1f","end":"2013-11-12T17:06:02+00:00","duration":0.7020000000000001},{"name":"sql.active_record","payload":{"sql":"          SELECT attr.attname\n          FROM pg_attribute attr\n          INNER JOIN pg_constraint cons ON attr.attrelid = cons.conrelid AND attr.attnum = cons.conkey[1]\n          WHERE cons.contype = 'p'\n            AND cons.conrelid = '\"recipes\"'::regclass\n","name":"SCHEMA","connection_id":70243609200980,"binds":[]},"time":"2013-11-12T17:06:02+00:00","transaction_id":"d609f0321470e7b5cb1f","end":"2013-11-12T17:06:02+00:00","duration":0.6489999999999999},{"name":"sql.active_record","payload":{"sql":"SELECT  \"recipes\".* FROM \"recipes\"  ORDER BY created_at LIMIT 5 OFFSET 0","name":"Recipe Load","connection_id":70243609200980,"binds":[]},"time":"2013-11-12T17:06:02+00:00","transaction_id":"d609f0321470e7b5cb1f","end":"2013-11-12T17:06:02+00:00","duration":3.881},{"name":"sql.active_record","payload":{"sql":"SELECT COUNT(*) FROM \"recipes\" ","name":null,"connection_id":70243609200980,"binds":[]},"time":"2013-11-12T17:06:02+00:00","transaction_id":"d609f0321470e7b5cb1f","end":"2013-11-12T17:06:02+00:00","duration":0.479},{"name":"sql.active_record","payload":{"sql":"SELECT  \"users\".* FROM \"users\"  WHERE \"users\".\"id\" = 2 LIMIT 1","name":"User Load","connection_id":70243609200980,"binds":[]},"time":"2013-11-12T17:06:02+00:00","transaction_id":"d609f0321470e7b5cb1f","end":"2013-11-12T17:06:02+00:00","duration":2.7390000000000003},{"name":"sql.active_record","payload":{"sql":"SELECT  \"users\".* FROM \"users\"  WHERE \"users\".\"id\" = 3 LIMIT 1","name":"User Load","connection_id":70243609200980,"binds":[]},"time":"2013-11-12T17:06:02+00:00","transaction_id":"d609f0321470e7b5cb1f","end":"2013-11-12T17:06:02+00:00","duration":0.47},{"name":"sql.active_record","payload":{"sql":"SELECT  \"users\".* FROM \"users\"  WHERE \"users\".\"id\" = 3 LIMIT 1","binds":[],"name":"CACHE","connection_id":70243609200980},"time":"2013-11-12T17:06:02+00:00","transaction_id":"d609f0321470e7b5cb1f","end":"2013-11-12T17:06:02+00:00","duration":0.01},{"name":"sql.active_record","payload":{"sql":"SELECT  \"users\".* FROM \"users\"  WHERE \"users\".\"id\" = 2 LIMIT 1","binds":[],"name":"CACHE","connection_id":70243609200980},"time":"2013-11-12T17:06:02+00:00","transaction_id":"d609f0321470e7b5cb1f","end":"2013-11-12T17:06:02+00:00","duration":0.001},{"name":"sql.active_record","payload":{"sql":"SELECT  \"users\".* FROM \"users\"  WHERE \"users\".\"id\" = 3 LIMIT 1","binds":[],"name":"CACHE","connection_id":70243609200980},"time":"2013-11-12T17:06:02+00:00","transaction_id":"d609f0321470e7b5cb1f","end":"2013-11-12T17:06:02+00:00","duration":0.002},{"name":"render_template.action_view","payload":{"identifier":"/Users/gmathe08/developpement/GA/wdi-september/w7d3/cookbook_specs_solution/app/views/recipes/index.html.haml","layout":"layouts/application"},"time":"2013-11-12T17:06:02+00:00","transaction_id":"d609f0321470e7b5cb1f","end":"2013-11-12T17:06:02+00:00","duration":127.963},{"name":"process_action.action_controller","payload":{"controller":"RecipesController","action":"index","params":{"controller":"recipes","action":"index"},"format":"html","method":"GET","path":"/","status":200,"view_runtime":382.51599999999996,"db_runtime":56.652},"time":"2013-11-12T17:06:02+00:00","transaction_id":"d609f0321470e7b5cb1f","end":"2013-11-12T17:06:03+00:00","duration":476.8}]